q_id,answer
1,"Корреспондентский счет № 30101810200000000593 в ГУ Банка России по ЦФО, БИК 
044525593. Номер телефонной справочной службы Банка 8 800 200 00 00, +7 495 788 88 78. Корреспондентский счет № 30101810200000000593 в ГУ Банка России по ЦФО, БИК 
044525593."
2,"Потребуется уточнить БИК и по нему найти название банка
0 001 782 — внутренний номер владельца расчётного счёта в банке Хотя сам по себе номер счёта и не даёт детальной информации о бизнесе, его расшифровка поможет получить общее представление о контрагенте перед началом сотрудничества. Потребуется уточнить БИК и по нему найти название банка
0 001 782 — внутренний номер владельца расчётного счёта в банке Хотя сам по себе номер счёта и не даёт детальной информации о бизнесе, его расшифровка поможет получить общее представление о контрагенте перед началом сотрудничества. Узнать номер счёта можно так:
посмотреть в договоре банковского обслуживания;
посмотреть в личном кабинете;
уточнить в техподдержке банка;
обратиться в банковское отделение."
3,"Вот список операций, для которых можно включить секретный код 👇
Контролируйте доступ
Секретный код не приходит вам в смс или пушах. Я хочу, чтобы текущий пароль не менялся
Почему при подтверждении операции у меня не запросили секретный код? Упростите подтверждение личности
Секретный код нужен, чтобы заходить в приложение и Альфа-Онлайн, подтверждать операции без одноразовых кодов или оформлять некоторые услуги без паспорта в наших офисах."
4,"В любом случае банк или МФО присылает уведомление с одобрением или отказом. Если уведомление не пришло в течение 15 дней с даты подачи заявления, отсрочка считается одобренной. Обратите внимание, что при подключении рассрочки вам может быть недоступна опция перевода всей задолженности в рассрочку."
5,"Как начать пользоваться кредитной картой? Получите карту с помощью доставки (нужно заранее согласовать день и время) или в офисе банка, подпишите договор и активируйте карту."
6,"История операций
Теперь в истории платежей отображаются название и адрес магазина, а также бонусы за покупки. Указывается в любом формате, отображается на странице оплаты. Выберите тип платежа (опционально) — это поле отображается только если доступен двухстадийный тип оплаты."
7,"Как закрыть расчётный счёт после ликвидации бизнеса? Это можно сделать через интернет-банк Альфа‑Бизнес или лично в отделении банка. Для подачи распоряжения о закрытии такого счета, Клиенту следует обратиться в Телефонный 
центр «Альфа-Консультант» или в Отделение Банка."
8,"Если вы получаете зарплату на карту стороннего банка, вам достаточно сообщить ИНН вашего работодателя в Альфа-Банк, а работодателю сообщить номер счета в Альфа-Банке, на который вы планируете получать заработную плату. Вы можете подать заявление в бухгалтерию на перевод зарплаты в Альфа-Банк и стать индивидуальным зарплатным клиентом. На счёт зарплатной карты поступают:
зарплата;
отпускные;
оплата больничных листов;
расходы на командировки;
выплаты пособий, премий и прочее."
9,"Например: «Хочу активировать карту», «Где находится моя карта» или «Хочу узнать дату платежа по кредиту». Операции по дебетовым и кредитным картам учитываются с первого дня месяца и до 20:00 московского времени последнего дня месяца."
10,"В некоторых случаях СМС приходит в течение двух рабочих дней. Если вам не пришло СМС в течение двух рабочих дней, пожалуйста, напишите в службу поддержки. В некоторых случаях СМС приходит в течение двух рабочих дней."
11,"Если не поможет, это означает, что файл с настройками (по умолчанию, „info.wnd“) поврежден, его нужно удалить и запустить QUIK. Также можно открыть настройки по умолчанию из файла „default_info.wnd“. Если не поможет, это означает, что файл с настройками (по умолчанию, „info.wnd“) поврежден, его нужно удалить и запустить QUIK."
12,"Как войти в Альфа-Онлайн
Где найти номер карты или счёта
Что делать, если я не помню логин и пароль
Как создать иконку Альфа-Онлайн
Если не получается войти в Альфа-Онлайн, позвоните в поддержку: 8 800 200-00-00 — для звонков по России +7 495 788-88-78 — в Москве и за границей. Если это не помогло или есть проблемы со входом, обращайтесь на горячую линию Альфа-Банка по бесплатному телефону 8 800 200 00 00. Служба поддержки банка работает круглосуточно и авторизует вас по ИНН компании."
13,"В этом случае есть несколько выходов:
• Когда нужны наличные, вам следует обратиться в офис банка, где можно либо получить временную неименную карту, либо снять нужную сумму через кассу. Не забывайте выбрать способ получения денег — на банковский счёт или дебетовую карту
Дождитесь решения. Ответ в течение двух минут придёт в смс или на электронную почту
Получив одобрение, ознакомьтесь с предложенными условиями, подпишите кредитный договор и заберите деньги."
14,"Открыть расчётный счёт также можно с доставкой в офис. Расчётный счёт для бизнеса можно быстро открыть онлайн, заполнив форму на сайте. Через пять минут после отправления заявки вы будете знать его номер."
15,Недостаточно информации
16,"Это можно сделать на сайте МВД или лично в ближайшем отделении — место регистрации или жительства не имеет значения. После списания средств с единого налогового счёта нужно убедиться, что средства были переведены корректно и на нём нет задолженности. В случае, если на счёт поступило больше денег, чем требовалось для уплаты налогов, излишек можно вернуть."
17,"Потребуется уточнить БИК и по нему найти название банка
0 001 782 — внутренний номер владельца расчётного счёта в банке Хотя сам по себе номер счёта и не даёт детальной информации о бизнесе, его расшифровка поможет получить общее представление о контрагенте перед началом сотрудничества. Потребуется уточнить БИК и по нему найти название банка
0 001 782 — внутренний номер владельца расчётного счёта в банке Хотя сам по себе номер счёта и не даёт детальной информации о бизнесе, его расшифровка поможет получить общее представление о контрагенте перед началом сотрудничества. Разберём подробнее, как узнать лицевой счёт этими способами."
18,Все документы по недвижимости запросим за вас. Все документы по недвижимости запросим за вас. Все документы по недвижимости запросим за вас.
19,
20,"Пополнив кредитный счёт на сумму, равную остатку задолженности, нужно удостовериться, что банк получил деньги. Проверить это можно онлайн через личный кабинет на сайте или в мобильном приложении, а также лично обратившись в офис Альфа‑Банка. Деньги выдаёт не Альфа‑Банк, а АЛЬФА ФИНАНС."
21,"В некоторых случаях СМС приходит в течение двух рабочих дней. Если вам не пришло СМС в течение двух рабочих дней, пожалуйста, напишите в службу поддержки. Если вам не пришло СМС в течение двух рабочих дней, пожалуйста, напишите в службу поддержки."
22,"Частичное исполнение 
перевода в рамках Сервиса «Поток» не осуществляется. Частичное исполнение 
перевода в рамках Сервиса «Поток» не осуществляется."
23,"Текущий кредитный счет – банковский счет, открываемый Клиенту по его заявлению для учета операций, 
проведенных в соответствии с Договором потребительского кредита на приобретение автомобиля, либо 
Договором потребительского кредита на оплату товара, либо Договором Кредита наличными. Текущий кредитный счет – банковский счет, открываемый Клиенту по его заявлению для учета операций, 
проведенных в соответствии с Договором потребительского кредита на приобретение автомобиля, либо 
Договором потребительского кредита на оплату товара, либо Договором Кредита наличными. Счет Кредитной карты – банковский счет, открываемый по заявлению Клиента в случае заключения 
Договора выдачи Кредитной карты для учета операций, проведенных в соответствии с Договором выдачи 
Кредитной карты."
24,"Кэшбэком называется своеобразная отложенная скидка, то есть возврат части потраченных денег. Заработанный кэшбэк можно потратить на будущие покупки: достаточно перевести вознаграждение в рублях с бонусного счёта на счёт, к которому привязана кредитка. Кэшбэк — это возможность вернуть часть потраченных денег за покупки по карте
До 100% суперкэшбэка
Каждый месяц крутите барабан суперкэшбэка в приложении и выигрывайте до 100% в случайной категории."
25,"Иначе банк не сможет принимать ваши поручения. Иначе банк не сможет принимать ваши поручения. Что делать, если банк отказал?"
26,"Узнать свой уровень можно в личном кабинете. Чтобы узнать, в каком банке обслуживается компания, этого номера недостаточно. Потребуется уточнить БИК и по нему найти название банка
0 001 782 — внутренний номер владельца расчётного счёта в банке Хотя сам по себе номер счёта и не даёт детальной информации о бизнесе, его расшифровка поможет получить общее представление о контрагенте перед началом сотрудничества."
27,"Заработанный кэшбэк можно потратить на будущие покупки: достаточно перевести вознаграждение в рублях с бонусного счёта на счёт, к которому привязана кредитка. Кэшбэк — выгодная услуга для владельцев дебетовых карт, которая работает при традиционном использовании пластика."
28,"Выписка по карте не содержит отчет по операциям, 
совершенным Клиентом по Счету карты без использования Карты. 3.5. Для Карты не предусмотрена возможность осуществления Операций пополнения за 
счет средств третьих лиц. Все Операции пополнения считаются совершенными Клиентом 
лично и за счет средств Клиента."
29,"Всю историю операций и баланс вашей карты вы можете в любой момент посмотреть в нашем приложении или в мобильном банке Альфа-Онлайн. Чтобы узнать о списаниях со счёта, авторизуются в банковском приложении или Альфа-Онлайн. Там находят рубрику «История операций», в которой сохраняется информация о том, когда, куда и как отправились деньги, какой была сумма."
30,В некоторых случаях СМС приходит в течение двух рабочих дней. В некоторых случаях СМС приходит в течение двух рабочих дней. Выберите карту в разделе «Все счета и карты» и нажмите «Активировать карту».
31,Всю сумму вы получаете сразу на счёт: для снятия наличных можно оформить бесплатную дебетовую карту или получить деньги в кассе банка. Пользоваться деньгами можно уже в день получения. Деньги придут на действующую дебетовую карту сразу в день одобрения заявки или на следующий день.
32,"Вот список операций, для которых можно включить секретный код 👇
Контролируйте доступ
Секретный код не приходит вам в смс или пушах. Я хочу, чтобы текущий пароль не менялся
Почему при подтверждении операции у меня не запросили секретный код? Почему для подтверждения некоторых операций мне всё ещё приходят коды в смс?"
33,"В некоторых случаях СМС приходит в течение двух рабочих дней. Если вам не пришло СМС в течение двух рабочих дней, пожалуйста, напишите в службу поддержки. Если вам не пришло СМС в течение двух рабочих дней, пожалуйста, напишите в службу поддержки."
34,"Если вы получаете зарплату на карту стороннего банка, вам достаточно сообщить ИНН вашего работодателя в Альфа-Банк, а работодателю сообщить номер счета в Альфа-Банке, на который вы планируете получать заработную плату. Меняется ли номер карты или счёта? Номер счёта не меняется при обновлении дебетовой карты."
35,"Узнать номер счёта можно так:
посмотреть в договоре банковского обслуживания;
посмотреть в личном кабинете;
уточнить в техподдержке банка;
обратиться в банковское отделение. Разберём подробнее, как узнать лицевой счёт этими способами. Для этого заполните небольшую анкету, передав банку данные о вашем юрлице или ИП, а также адрес электронной почты и телефон для обратной связи
В течение пяти минут получите реквизиты расчётного счёта на электронную почту."
36,"Вся информация есть на сайте партнёра. Подать заявку на заём там, где зарегистрированы, а получить его в банке, который находится по месту нахождения нового жилья. Важно, чтобы филиалы кредитного учреждения были в обоих населённых пунктах."
37,"Альфа-Банк
Полезное о продуктах
Расчётный счёт (р/с) помогает бизнесу решать многие задачи:
перечислять деньги безналичным способом;
вносить, хранить или снимать наличные;
подключать обычный или интернет-эквайринг;
получать кредиты на развитие компании;
вносить обязательные платежи — налоги, штрафы, сборы;
вести отчётность. Покупателю не нужно никуда ходить, для оплаты достаточно иметь компьютер, смартфон или планшет с доступом в интернет
Расчётный счёт — это банковский счёт, открытый для бизнеса: ИП или юрлица. Все платежи, поступающие от клиентов через эквайринг, зачисляются именно на расчётный счёт, поэтому для подключения этой услуги он необходим."
38,"Проверить состояние счёта можно в личном кабинете на официальном сайте налоговой. Если нужно, всегда можно обратиться в налоговую и заказать справку о наличии соответствующего сальдо. Узнать номер счёта можно так:
посмотреть в договоре банковского обслуживания;
посмотреть в личном кабинете;
уточнить в техподдержке банка;
обратиться в банковское отделение."
39,"14.1.15.Уведомление посредством направления SMS-сообщения, содержащего информацию о проведенных с 
использованием Карт без проведения Авторизации операциях, а также об операциях «Перевод с карты на 
карту» по Счету карты, к Карте, к которой подключена услуга, на Номер телефона сотовой связи Клиента, в 
случае подключенной услуги «Уведомления об операциях», не осуществляется. 14.1.15.Уведомление посредством направления SMS-сообщения, содержащего информацию о проведенных с 
использованием Карт без проведения Авторизации операциях, а также об операциях «Перевод с карты на 
карту» по Счету карты, к Карте, к которой подключена услуга, на Номер телефона сотовой связи Клиента, в 
случае подключенной услуги «Уведомления об операциях», не осуществляется. Уведомления об операциях — это информирование обо всех операциях по вашей карте, которые приходят в смс или пушах."
40,"Для получения выплаты нужно выполнить одно из условий в течение 90 календарных дней до или после первой покупки друга:

* потратить на покупки минимум 3000 рублей,
* сделать минимум 5 покупок,
* не снимать наличные. История операций
Теперь в истории платежей отображаются название и адрес магазина, а также бонусы за покупки. Сумму к оплате можно посмотреть в личном кабинете."
41,
42,"Потребуется уточнить БИК и по нему найти название банка
0 001 782 — внутренний номер владельца расчётного счёта в банке Хотя сам по себе номер счёта и не даёт детальной информации о бизнесе, его расшифровка поможет получить общее представление о контрагенте перед началом сотрудничества. Чтобы узнать, в каком банке обслуживается компания, этого номера недостаточно. Потребуется уточнить БИК и по нему найти название банка
0 001 782 — внутренний номер владельца расчётного счёта в банке Хотя сам по себе номер счёта и не даёт детальной информации о бизнесе, его расшифровка поможет получить общее представление о контрагенте перед началом сотрудничества."
43,"Денежные средства поступят на банковский счёт. Денежные средства поступят на банковский счёт. 13 августа на карточку поступили три перевода: 60 000 ₽ — заработная плата, 1000 ₽ — оплата от клиента за заказ, 5000 ₽ — возврат долга."
44,"Остальные деньги, например переводы от родителей, друзей, заработную плату, указывать в приложении не нужно. Допустим, плательщик НПД вяжет игрушки на заказ и работает бухгалтером по трудовому договору. 13 августа на карточку поступили три перевода: 60 000 ₽ — заработная плата, 1000 ₽ — оплата от клиента за заказ, 5000 ₽ — возврат долга."
45,Что нужно для оформления кредита? Что нужно для оформления кредита? Что нужно для оформления кредита?
46,"В случае недостатка денежных средств на счете Клиента услуга не предоставляется. В случае недостатка денежных средств на счете Клиента услуга не 
предоставляется. В случае недостатка денежных средств на счете Клиента услуга не предоставляется."
47,"Я расплатился пластиковой картой в магазине, но не вижу покупку в приложении Mir Pay. Я расплатился пластиковой картой в магазине, но не вижу покупку в приложении Mir Pay. Я расплатился пластиковой картой в магазине, но не вижу покупку в приложении Mir Pay."
48,"Если не помните их – сначала отправьте СМС со словом «unblock», в ответе получите все привязанные карточки. Номер карты можно посмотреть на самой карте, в приложении и Альфа-Онлайн: нажмите на карту и выберите Реквизиты. Вот как можно определить, в рамках какой линейки была выпущена карта:
Спросить у наших сотрудников в чате поддержки, по телефону или в отделении банка
Посмотреть в приложении Альфа‑Банка."
49,"Нажмите клавишу Enter и введите номер чека. Если сверка итогов выполнена, то отменить операцию на терминале не получится. Чтобы произвести отмену до сверки итогов, нужно выполнить следующие действия на терминале:
Нажмите клавишу 0."
50,"Счет Кредитной карты – банковский счет, открываемый по заявлению Клиента в случае заключения 
Договора выдачи Кредитной карты для учета операций, проведенных в соответствии с Договором выдачи 
Кредитной карты. Счет Кредитной карты – банковский счет, открываемый по заявлению Клиента в случае заключения 
Договора выдачи Кредитной карты для учета операций, проведенных в соответствии с Договором выдачи 
Кредитной карты. Текущий кредитный счет – банковский счет, открываемый Клиенту по его заявлению для учета операций, 
проведенных в соответствии с Договором потребительского кредита на приобретение автомобиля, либо 
Договором потребительского кредита на оплату товара, либо Договором Кредита наличными."
51,"Для этого компании и ИП открывают в банках расчётные счета. Расчётный счёт — это индивидуальная учётная запись в финансово-кредитном учреждении, позволяющая проводить финансовые операции её владельцу. Покупателю не нужно никуда ходить, для оплаты достаточно иметь компьютер, смартфон или планшет с доступом в интернет
Расчётный счёт — это банковский счёт, открытый для бизнеса: ИП или юрлица."
52,"Там находят рубрику «История операций», в которой сохраняется информация о том, когда, куда и как отправились деньги, какой была сумма. Если прогресс-бар заполнен на 100% и возврата средств по покупкам не будет, то в следующем месяце комиссия за услугу не будет списана
А если на счёте не будет денег для оплаты комиссии? Если прогресс-бар заполнен на 100% и возврата средств по покупкам не будет, то в следующем месяце комиссия за услугу не будет списана
А если на счёте не будет денег для оплаты комиссии?"
53,"Корреспондентский счет № 30101810200000000593 в ГУ Банка России по ЦФО, БИК 
044525593. Номер телефонной справочной службы Банка 8 800 200 00 00, +7 495 788 88 78. Корреспондентский счет № 30101810200000000593 в ГУ Банка России по ЦФО, БИК 
044525593."
54,"Успешный платёж:
Номер карты: 4111 1111 1111 1111
Срок действия: 12/19
CVC: 123
Имя держателя карты: SUCCESSPAYMENT
Код подтверждения: 12 345 678
После оплаты вы должны вернуться на ваш сайт и увидеть сообщение о результате оплаты:
Оплата прошла успешно. Успешный платёж:
Номер карты: 5100 0000 0000 0008
Срок действия: 12/24
CVC: 222
Имя держателя карты: VASYA PUPKIN
Код подтверждения: 222222
После оплаты вы должны вернуться на сайт и увидеть результат оплаты: Оплата прошла успешно. Теперь сгенерируйте новую ссылку с другим номером заказа или повторно перейдите по ранее созданной ссылке и введите данные карты «Неуспешный платёж»."
55,"Для этого компании и ИП открывают в банках расчётные счета. Расчётный счёт — это индивидуальная учётная запись в финансово-кредитном учреждении, позволяющая проводить финансовые операции её владельцу. Покупателю не нужно никуда ходить, для оплаты достаточно иметь компьютер, смартфон или планшет с доступом в интернет
Расчётный счёт — это банковский счёт, открытый для бизнеса: ИП или юрлица."
56,"В любой момент 
времени у Клиента может быть только одна действующая Карта. В любой момент 
времени у Клиента может быть только одна действующая Карта. Когда клиент получает карту, оформление продолжают онлайн в мобильном приложении."
57,"Для этого заполните небольшую анкету, передав банку данные о вашем юрлице или ИП, а также адрес электронной почты и телефон для обратной связи
В течение пяти минут получите реквизиты расчётного счёта на электронную почту. Узнать номер счёта можно так:
посмотреть в договоре банковского обслуживания;
посмотреть в личном кабинете;
уточнить в техподдержке банка;
обратиться в банковское отделение. Разберём подробнее, как узнать лицевой счёт этими способами."
58,
59,"НАКОПИТЕЛЬНЫЙ СЧЕТ «ЦЕННОЕ ВРЕМЯ» 
С 01.10.2018 года открытие счета прекращено
 Пополнять счет можно:

редакция от 01.04.2024





в Интернет-банке «Альфа-Клик» и Мобильном банке «Альфа – Мобайл»
в банкоматах и отделениях Альфа-Банка
в Телефонном центре «Альфа-Консультант». НАКОПИТЕЛЬНЫЙ СЧЕТ «ЦЕННОЕ ВРЕМЯ» 
С 01.10.2018 года открытие счета прекращено редакция от 01.01.2021г. 
 Пополнять счет можно: 

 
 
 

в Интернет-банке «Альфа-Клик» и Мобильном банке «Альфа – Мобайл» 
в банкоматах и отделениях Альфа-Банка 
в Телефонном центре «Альфа-Консультант»."
60,"В ответ искусственный интеллект попросит уточнить, какой именно учёт вы хотите прекратить. Зайдите в свой профиль. Чтобы сняться с налогового учёта, необходимо:
Зайти в свой личный кабинет."
61,"Другая распространённая ситуация, в которой нужен номер лицевого счёта, связана со страхованием. Для этого нужно сообщить отправителю платёжные реквизиты, среди которых номер лицевого счёта. Другая распространённая ситуация, в которой нужен номер лицевого счёта, связана со страхованием."
62,"6. Не позднее двух дней с момента получения смс вам нужно обратиться в банк, иначе по умолчанию будет выбрано уменьшение ежемесячного платежа. 7. ПФР рассматривает заявление, сообщает решение о зачислении клиенту и переводит деньги нам, в течение 7 рабочих дней."
63,"Сумму к оплате можно посмотреть в личном кабинете. Для оплаты обучения ребенка и для переводов родным на личные нужды используйте личную карту. Детскую карту Мир оформляет взрослый клиент, которому доступно больше операций по ней."
64,"Поэтому перед поездкой стоит убедиться, что карточка для оплаты проезда доступна к использованию. Вам понадобятся паспорт, СНИЛС и ИНН
Внесите на счёт не менее 2000 ₽ через приложение банка или по реквизитам в договоре. Она необходима для открытия счета и принятия решения банка о возможности выдачи карты."
65,"В письме укажите ФИО заёмщика и детей, даты рождения детей и номер кредитного договора. В статье также даётся подробное определение ипотечного договора. В справке будет номер кредитного договора, личные данные заёмщиков, общая сумму задолженности и банковские реквизиты."
66,"Не пришли деньги на карту, хотя приложение отображает поступление. 26 сентября было поступление 10284 руб."
67,"Личный менеджер подскажет, какие документы собрать, подготовит договор и привезёт его, куда вам удобно — домой или в офис. Чтобы провести платёж, открыть вклад, получить кредит, обменять валюту или оплатить услуги, больше не нужно посещать банковский офис. Личный менеджер подскажет, какие документы собрать, подготовит договор и привезёт его, куда вам удобно — домой или в офис."
68,"Кэшбэком называется своеобразная отложенная скидка, то есть возврат части потраченных денег. Заработанный кэшбэк можно потратить на будущие покупки: достаточно перевести вознаграждение в рублях с бонусного счёта на счёт, к которому привязана кредитка. Кэшбэк может возвращаться на счёт реальными деньгами или в виде внутренней валюты, которую можно обменять на скидки или использовать при оплате товара."
69,"К тому же изначально деньги приходят на наш специальный счёт, который не отображается в мобильном приложении или интернет‑банке. Уже после этого, на следующий рабочий день, мы списываем деньги в счёт погашения кредита."
70,"Номер карты можно посмотреть на самой карте, в приложении и Альфа-Онлайн: нажмите на карту и выберите Реквизиты. Чтобы узнать ЛС, посмотрите раздел договора с реквизитами. Здесь находятся полные сведения, необходимые для получения переводов и платежей, в том числе 20-значный номер."
71,
72,"Если в магазинах платить картой с кэшбэком на продукты, это даёт следующие привилегии и бонусы:
Ежемесячно получать возврат 5% потраченных на продукты денег."
73,"Свыше 10
000 - в рублевом эквиваленте.
- с 09.03.2022 по 09.09.2022 можно получить в рублях по курсу ЦБ РФ.
- с 09.09.2022 можно получить в рублях по курсу Банка."
74,"Затем нужно обратиться в банковское отделение, чтобы сообщить об утрате платёжного средства и смартфона, получить рекомендации по дальнейшим действиям. С той же целью можно позвонить на горячую линию банка."
75,"Её просто восстановить, сохранив сбережения на счёте. После исчезновения денег с дебетовой карточки возможно их вернуть при выполнении следующих условий:
В течение суток сообщить в банк о несанкционированном списании через мобильное приложение, Альфа‑Онлайн или в отделении. После исчезновения денег с дебетовой карточки возможно их вернуть при выполнении следующих условий:
В течение суток сообщить в банк о несанкционированном списании через мобильное приложение, Альфа‑Онлайн или в отделении."
76,
77,Почему вы не выдали мне кредит в июне по господдержке? Что нужно для оформления кредита? Что нужно для оформления кредита?
78,"Могу ли я подтверждать операции при помощи одноразовых кодов в смс или пушах, как раньше? Для перевода в другой банк без комиссии нужно отправлять деньги по реквизитам счёта. Хотите настроить пуш или смс-уведомления?"
79,Деньги поступают на счёт сразу после одобрения анкеты. Распорядитесь ими по своему усмотрению: расплатитесь картой или снимите наличные.
80,"Чтобы произвести блокировку через горячую линию, вам нужно позвонить по номеру 8 800 200-00-00. Называете – и говорите, что нужно заблокировать карточку. Выбор способа будет зависеть от того, чей номер нужно узнать."
81,Этот способ не требует интеграции.
82,"Не пришли деньги на карту, хотя приложение отображает поступление."
83,"Чтобы платёж прошёл, на кассе нужно поднести смартфон с разблокированным экраном к считывателю. Там же можно увидеть остаток на счёте платёжного средства."
84,"Чтобы узнать, в каком банке обслуживается компания, этого номера недостаточно. Потребуется уточнить БИК и по нему найти название банка
0 001 782 — внутренний номер владельца расчётного счёта в банке Хотя сам по себе номер счёта и не даёт детальной информации о бизнесе, его расшифровка поможет получить общее представление о контрагенте перед началом сотрудничества. Потребуется уточнить БИК и по нему найти название банка
0 001 782 — внутренний номер владельца расчётного счёта в банке Хотя сам по себе номер счёта и не даёт детальной информации о бизнесе, его расшифровка поможет получить общее представление о контрагенте перед началом сотрудничества."
85,
86,Где и каким образом его указывать?
87,
88,"Обратите внимание: ЛС не совпадает с номером банковской карты, посмотреть свой идентификатор на пластике не получится. Узнать номер счёта можно так:
посмотреть в договоре банковского обслуживания;
посмотреть в личном кабинете;
уточнить в техподдержке банка;
обратиться в банковское отделение. Номер карты можно посмотреть на самой карте, в приложении и Альфа-Онлайн: нажмите на карту и выберите Реквизиты."
89,"Потребуется уточнить БИК и по нему найти название банка
0 001 782 — внутренний номер владельца расчётного счёта в банке Хотя сам по себе номер счёта и не даёт детальной информации о бизнесе, его расшифровка поможет получить общее представление о контрагенте перед началом сотрудничества. Чтобы узнать, в каком банке обслуживается компания, этого номера недостаточно. Потребуется уточнить БИК и по нему найти название банка
0 001 782 — внутренний номер владельца расчётного счёта в банке Хотя сам по себе номер счёта и не даёт детальной информации о бизнесе, его расшифровка поможет получить общее представление о контрагенте перед началом сотрудничества."
90,
91,"Стикер даёт те же преимущества, что и банковская карта:
- •
категорийный и партнёрский кэшбэк;
- •
бесплатные переводы и платежи;
- •
возможность снимать деньги бесконтактным способом;
- •
бесплатное обслуживание при выполнении условия по сумме покупок. Чтобы платить стикером было удобнее, следует удалить карты из Walley. Пользоваться опцией можно каждый месяц с 25-го числа."
92,"Чтобы произвести блокировку через горячую линию, вам нужно позвонить по номеру 8 800 200-00-00. Опция бесплатная, а номер лучше заранее внести в список контактов на смартфоне, чтобы не пришлось искать в приложении. Деньги на счёте заблокированной карточки сохранятся."
93,"Счет для зачисления перевода в 
Банке; сумму перевода. Счет для зачисления перевода в 
Банке; сумму перевода. Рекомендуется проводить её каждый раз перед осуществлением перевода по новым, ранее не проверенным реквизитам."
94,"Пуш-уведомления можно посмотреть в ленте уведомлений. Если Push-уведомление не было доставлено, то Банк 
оставляет за собой право направить Клиенту данное уведомление в виде SMS-сообщения на Номер 
телефона сотовой связи Клиента или (если Клиент подключил доставку уведомлений через Сервис 
обмена мгновенными сообщениями) в виде уведомлений в соответствующем выбранном Сервисе 
обмена мгновенными сообщениями. Если Push-уведомление не было доставлено, то Банк оставляет за собой 
право направить Клиенту данное уведомление в виде SMS-сообщения на Номер 
телефона сотовой связи Клиента или (если Клиент подключил доставку уведомлений 
через Сервис обмена мгновенными сообщениями) в виде уведомлений в 
соответствующем выбранном Сервисе обмена мгновенными сообщениями."
95,
96,26 сентября было поступление 10284 руб.
97,
98,"Просим иметь в виду, что Банк не имеет возможности указать данный реквизит за клиента, так как не располагает информацией о нем. УИН предоставляется плательщику администратором доходов бюджетов, т. е. государственным (муниципальным) органом, уполномоченным администрировать определенные бюджетные статьи, и указывается в соответствующем уведомлении. Есть несколько вариантов выяснить реквизиты банковского счёта организации или ИП. Иначе банк не сможет принимать ваши поручения."
99,
100,"С дебетовой карточкой ситуация обычно менее критична: годовое обслуживание обычно бесплатное, проценты за пользование деньгами не начисляются. Узнать, можем ли привезти в ваш город, можно при заполнении анкеты. Если у вас есть счёт в нашем банке, можете выпустить дополнительные дебетовые карты к своим счетам, но есть ограничение по количеству карт на одного человека."
101,"Часто просрочки возникают по причине того, что клиент забыл сделать платёж или внёс деньги в последний момент, и они не успели поступить на счёт. В случае недостатка денежных средств на счете Клиента услуга не 
предоставляется. В случае недостатка денежных средств на счете Клиента услуга не предоставляется."
102,"Счет Карты «Мои покупки» – банковский счет, открываемый Клиенту для учета операций, проведенных в 
соответствии с Договором выдачи Карты «Мои покупки». Предоставление Клиенту услуг по Счету Карты 
«Мои покупки», не связанных непосредственно с заключением и исполнением Договора выдачи Карты «Мои 
покупки», осуществляется в соответствии с Договором и Тарифами Банка. Счет Карты «Мои покупки» – банковский счет, открываемый Клиенту для учета операций, проведенных в 
соответствии с Договором выдачи Карты «Мои покупки»."
103,"Часто просрочки возникают по причине того, что клиент забыл сделать платёж или внёс деньги в последний момент, и они не успели поступить на счёт. - •
Если деньги сразу не перевели, подайте заявление о возврате вместе с чеком в отделение. Что делать, если списалась другая сумма?"
104,"Быстрый перевод по номеру телефона выполняют не только в Альфа-Банке: доступно перечисление и в других банках. Выберите пункт «Переводы по номеру телефона». Выберите «Основной банк», если хотите, чтобы другие пользователи по умолчанию переводили вам через Систему быстрых платежей в Альфа-Банк."
105,"Она будет действовать исключительно на одну активную сим-карту. Скидка не действует, когда:
Нужно оплатить дополнительные услуги и сервисы
Закончатся минуты, смс и гигабайты в тарифных пакетах
Сколько действует скидка: с момента, когда вы активируете привилегию, до конца действия акции. Договор действует до полного исполнения Сторонами обязательств по настоящему 
Договору."
106,"Редкая, но возможная ситуация — списание денег со счёта, но непоступление их адресату. В этом случае нужно обратиться к специалистам кредитного учреждения и предъявить сообщение о списании средств. Если её нет, нужно обратиться в МФЦ или СФР."
107,"Максимальная сумма одной Операции пополнения - 100 000 (сто тысяч) рублей, при 
условии, что Остаток лимита в любой момент времени не превышает 100 000 (сто тысяч) 
рублей;"
108,"Счёт откроется с базовым
Время покупки и продажи драгметаллов
Через приложение: онлайн 24/7 В отделениях: пн–чт: 10:00–17:15, пт: 10:00 — 16:00, сб-вс: выходной
Узнать больше можно по телефонам
+7 495 788 88 78 — для Москвы 8 800 200 00 00 — для регионов России звонок бесплатный
Необходимо ли платить налог на доход при продаже металла? Счёт откроется с базовым
Время покупки и продажи драгметаллов
Через приложение: онлайн 24/7 В отделениях: пн–чт: 10:00–17:15, пт: 10:00 — 16:00, сб-вс: выходной
Узнать больше можно по телефонам
+7 495 788 88 78 — для Москвы 8 800 200 00 00 — для регионов России звонок бесплатный
Необходимо ли платить налог на доход при продаже металла?"
109,"Если это кэшбэк, перевод от родственников или перевод самому себе из другого банка, такие поступления учитывать не нужно."
110,"Что делать, если я не вижу доступных счетов для вывода, но у меня есть счёт в Альфа‑Банке? Если счёт открыт, но вы не видите его в списке доступных счетов, обратитесь в поддержку. Для этих целей нужно открывать другой счёт — расчётный."
111,"Остальные деньги, например переводы от родителей, друзей, заработную плату, указывать в приложении не нужно. Допустим, плательщик НПД вяжет игрушки на заказ и работает бухгалтером по трудовому договору. Деньги от заказчиков поступают на зарплатную карту."
112,"Размер кредитного лимита, как остальные параметры кредитования, рассчитывается индивидуально. Заёмщики, имеющие хорошую кредитную историю, стабильный доход и небольшую долговую нагрузку, могут оформить карточку с лимитом 1 млн ₽. Сумма лимита по карте индивидуальна для каждого клиента: мы рассчитываем её в момент рассмотрения заявки с помощью программы, исходя из вашей кредитной истории и ежемесячного дохода."
113,"Кэшбэк — выгодная услуга для владельцев дебетовых карт, которая работает при традиционном использовании пластика."
114,
115,"В случае недостатка денежных средств на счете Клиента услуга не 
предоставляется. В случае недостатка денежных средств на счете Клиента услуга не предоставляется."
116,"Ниже расскажем подробно, как этого добиться. Льготный период считается с даты, совершения любой расходной операции с использованием кредитной карты. Кредитные карты помогают в решении неотложных финансовых проблем, поэтому их зачастую оформляют на случай возникновения непредвиденных обстоятельств."
117,"Забрать его можно в том же отделении банка, где и предыдущую, или поменять адрес получения, заранее обратившись в банк. Если за последние три месяца до окончания срока эксплуатации не было совершено ни одной оплаты, банк делает вывод, что карта не нужна. Пластик можно использовать для зачисления зарплаты, пенсии, других выплат от государства, а также для открытия накопительного счёта и вклада, которые помогают зарабатывать дополнительный доход."
118,"Покупателю не нужно никуда ходить, для оплаты достаточно иметь компьютер, смартфон или планшет с доступом в интернет
Расчётный счёт — это банковский счёт, открытый для бизнеса: ИП или юрлица. Все платежи, поступающие от клиентов через эквайринг, зачисляются именно на расчётный счёт, поэтому для подключения этой услуги он необходим. Расчётный счёт (р/с) — банковский счёт, который открывается для ведения бизнеса."
119,
120,"Сервис работает круглосуточно, без выходных и праздников. Координаты служб сопровождения банка
Вопросы фрод-мониторинга (служба мониторинга мошенничества)
Email: fraudmonitoring@alfabank.ru
Время работы: круглосуточно
Вопросы технического характера
Email: acquiring@alfabank.ru
Вопросы, связанные с сопровождением договора (акты, реестры, возмещения), и другие
Email: acquiring@alfabank.ru
Телефон: +7 495 974 83 79
Время работы: с 9:00 до 18:00 по Москве
Шаг 1. Счёт откроется с базовым
Время покупки и продажи драгметаллов
Через приложение: онлайн 24/7 В отделениях: пн–чт: 10:00–17:15, пт: 10:00 — 16:00, сб-вс: выходной
Узнать больше можно по телефонам
+7 495 788 88 78 — для Москвы 8 800 200 00 00 — для регионов России звонок бесплатный
Необходимо ли платить налог на доход при продаже металла?"
121,"Узнать номер счёта можно так:
посмотреть в договоре банковского обслуживания;
посмотреть в личном кабинете;
уточнить в техподдержке банка;
обратиться в банковское отделение. Разберём подробнее, как узнать лицевой счёт этими способами. Расчётный счёт для бизнеса можно быстро открыть онлайн, заполнив форму на сайте."
122,"Задолженность увеличивается сама по себе
Здравствуйте!

карта последние цифры ...8721. Учитываем покупки с первого по последний календарный день месяца до 20:00 мск. Учитываем покупки с первого по последний календарный день месяца до 20:00 мск."
123,"Если у вас нет действующей кредитной карты, можем предложить до 100 000 рублей в рассрочку на повседневные траты, подробные условия можете найти в мобильном приложении. Если у вас нет действующей кредитной карты, можем предложить до 100 000 рублей в рассрочку на повседневные траты, подробные условия можете найти в мобильном приложении. Заёмщики, имеющие хорошую кредитную историю, стабильный доход и небольшую долговую нагрузку, могут оформить карточку с лимитом 1 млн ₽."
124,"Денежные средства поступят на банковский счёт. Денежные средства поступят на банковский счёт. Валюта | Банк-корреспондент | Номер счёта | Код СВИФТ |
|---|---|---|---|
Белорусский рубль Belarussian Ruble (BYN) | ЗАО «АЛЬФА-БАНК» 220013, Беларусь, г. Минск, ул."
125,
126,Денежные средства поступят на банковский счёт. Денежные средства поступят на банковский счёт. При подключении услуг и сервисов банка будет расти ваш уровень лояльности.
127,"Чтобы сделать это без комиссии, выберите перевод с кредитки на дебетовую карточку. Чтобы сделать это без комиссии, выберите перевод с кредитного счёта на дебетовый. Чтобы сделать это без комиссии, выберите перевод с кредитного счёта на дебетовый."
128,"Сейчас eSIM можно оформить в отделении банка, но скоро добавим возможность оформления онлайн
Переходите со своим номером
Номер телефона останется прежним — вас точно никто не потеряет. Хорошо, если сразу позвонят из банка и сообщат, что следует погасить долг. Если у вас андроид, то в режиме набора номера введите *876# для получения автонастроек или выберите Настройки → SIM-карты и мобильные сети или Мобильная связь."
129,"Для этого заполните небольшую анкету, передав банку данные о вашем юрлице или ИП, а также адрес электронной почты и телефон для обратной связи
В течение пяти минут получите реквизиты расчётного счёта на электронную почту. Узнать номер счёта можно так:
посмотреть в договоре банковского обслуживания;
посмотреть в личном кабинете;
уточнить в техподдержке банка;
обратиться в банковское отделение. Разберём подробнее, как узнать лицевой счёт этими способами."
130,
131,
132,Во время процедуры замены карты реквизиты счёта не меняются. Смена реквизитов пластика зависит от причины перевыпуска. Меняется ли номер карты или счёта?
133,"Уведомления об операциях — это информирование обо всех операциях по вашей карте, которые приходят в смс или пушах. Уведомления об операциях — это информирование обо всех операциях по вашей карте, которые приходят в смс или пушах. Уведомления об операциях — это информирование обо всех операциях по вашей карте, которые приходят в смс или пушах."
134,"Это необходимо, чтобы гарантировать, что картой никто не воспользуется. Учтите, если вы заключали отдельные договоры о дополнительных услугах (например, о страховании), эти услуги тоже нужно отключить. Откройте счёт Альфа‑Карты
Выберите меню под суммой на счёте
Выберите нужный режим: Только кредитными деньгами, Только своими деньгами
или Своими, потом кредитными
Как работает режим списания «Сначала свои, потом кредитные»?"
135,"Покупателю не нужно никуда ходить, для оплаты достаточно иметь компьютер, смартфон или планшет с доступом в интернет
Расчётный счёт — это банковский счёт, открытый для бизнеса: ИП или юрлица. Все платежи, поступающие от клиентов через эквайринг, зачисляются именно на расчётный счёт, поэтому для подключения этой услуги он необходим. Открыть расчётный счёт также можно с доставкой в офис."
136,Недостаточно информации
137,"Чтобы узнать, в каком банке обслуживается компания, этого номера недостаточно. Потребуется уточнить БИК и по нему найти название банка
0 001 782 — внутренний номер владельца расчётного счёта в банке Хотя сам по себе номер счёта и не даёт детальной информации о бизнесе, его расшифровка поможет получить общее представление о контрагенте перед началом сотрудничества. Потребуется уточнить БИК и по нему найти название банка
0 001 782 — внутренний номер владельца расчётного счёта в банке Хотя сам по себе номер счёта и не даёт детальной информации о бизнесе, его расшифровка поможет получить общее представление о контрагенте перед началом сотрудничества."
138,Он не является номером Карты. Он не является номером Карты. Клиент определяет Счет карты при выпуске каждой Карты.
139,"Дату погашения и сумму, которую нужно внести на кредитку, можно посмотреть в мобильном приложении и в выписке, которая приходит на электронную почту на следующий день после формирования платежа. Можно вносить на кредитный счёт сумму, превышающую минимальный платёж. Дату погашения и сумму, которую нужно внести на счёт, можно посмотреть в мобильном приложении, Альфа‑Онлайн и в выписке — она приходит на вашу электронную почту, указанную при оформлении кредитного договора, на следующий день после формирования платежа."
140,"6.4.3. После успешного совершения Авторизации при осуществлении Расходной операции 
на сумму свыше 1000 (одной тысячи) рублей необходимо подписать кассовый чек, 
выданный ТСП в подтверждение совершенной Расходной операции, где применимо. При осуществлении Расходной операции на сумму свыше 1000 
(одной тысячи) рублей необходимо ввести PIN-код. 5.4.3. 

После успешного совершения Авторизации при осуществлении Расходной 
операции на сумму свыше 1000 (одной тысячи) рублей необходимо подписать кассовый 
чек, выданный ТСП в подтверждение совершенной Расходной операции, где применимо."
141,"Например, если купили в августе, кэшбэк придёт до 10 сентября. Проверить кэшбэк можно в нашем мобильном приложении и Альфа‑Онлайн в разделе «Кэшбэк и сервисы» — там же сможете перевести его в рублях на свой счёт. • с 09.09.2022 можно получить в рублях по курсу банка."
142,"На главном экране мобильного приложения или Альфа-Онлайн нажмите Все мои продукты → Карта → Закрыть карту. Карту закроем моментально, а комиссию за обслуживание, если она была, больше не возьмём. Что делать, если оплата была через телефон:
- открыть приложение Mir Pay;
- выбрать карту и удалить её;
- заново добавить карту (сканировать или ввести данные);
- подтвердить кодом из смс."
143,"Счёт нужно успеть пополнить до 23:00 по московскому времени. Например, когда вы получили карту, на счету было ровно 500 000 рублей."
144,"Чтобы узнать сроки действия договора, нужно обратиться в страховую компанию, в которой вы оформили полис. Чтобы узнать сроки действия договора, нужно обратиться в страховую компанию, в которой вы оформили полис. Срок действия электронной подписи можно узнать тремя способами:
В Личном кабинете: Электронная подпись → Сертификаты → Период действия."
145,Список отделений доступен по ссылке.
146,
147,
148,"Поэтому перед поездкой стоит убедиться, что карточка для оплаты проезда доступна к использованию. Рекомендуем ознакомиться с другими дебетовыми картами. Рекомендуем ознакомиться с другими дебетовыми картами."
149,"Чтобы узнать, в каком банке обслуживается компания, этого номера недостаточно. Потребуется уточнить БИК и по нему найти название банка
0 001 782 — внутренний номер владельца расчётного счёта в банке Хотя сам по себе номер счёта и не даёт детальной информации о бизнесе, его расшифровка поможет получить общее представление о контрагенте перед началом сотрудничества. Актуальные сведения о каждом бюро кредитных историй (адрес, сайт, телефон) можно найти на сайте регулятора."
150,"Вам выдадут распечатку с реквизитами — бумажный бланк с печатью и подписью ответственного сотрудника. Также банковский работник может показать, как посмотреть платёжные реквизиты через банкомат (при наличии карты) — их можно вывести на экран и распечатать в квитанции. Отсканировать и переслать свои документы (паспорт, справку о доходах, СНИЛС, военный билет для мужчин) или предоставить ксерокопии в отделение, где выдадут кредит."
151,Денежные средства поступят на банковский счёт. Денежные средства поступят на банковский счёт. 25 сентября полностью погасила задолженность по карте.
152,"В качестве идентификатора используется Номер телефона сотовой связи Клиента, являющегося получателем 
денежных средств. В качестве идентификатора используется Номер телефона сотовой связи Клиента, являющегося получателем 
денежных средств. Если владелец потеряет смартфон, его финансы могут быть доступны третьим лицам."
153,"Сумма лимита по карте индивидуальна для каждого клиента: мы рассчитываем её в момент рассмотрения заявки с помощью программы, исходя из вашей кредитной истории и ежемесячного дохода. Сумма лимита индивидуальна для каждого клиента: мы рассчитываем её с помощью программы, исходя из вашей кредитной истории и ежемесячного дохода. Сумма лимита индивидуальна для каждого клиента: мы рассчитываем её с помощью программы, исходя из вашей кредитной истории и ежемесячного дохода."
154,Операции по эскроу счету. За такие операции может сниматься комиссия. 6.1. Операции с аккредитивом.
155,"Временный пароль имеет 

4 

 
 
ограниченный срок действия. Временный пароль направляется Клиенту после прохождения Верификации и 
Аутентификации при его обращении в Отделение Банка, или к работнику Банка вне Отделения Банка, или 
при обращении в Телефонный центр «Альфа-Консультант» или в Чат. Временный пароль имеет 

4 

 
 
ограниченный срок действия."
156,
157,"Потребуется уточнить БИК и по нему найти название банка
0 001 782 — внутренний номер владельца расчётного счёта в банке Хотя сам по себе номер счёта и не даёт детальной информации о бизнесе, его расшифровка поможет получить общее представление о контрагенте перед началом сотрудничества. Потребуется уточнить БИК и по нему найти название банка
0 001 782 — внутренний номер владельца расчётного счёта в банке Хотя сам по себе номер счёта и не даёт детальной информации о бизнесе, его расшифровка поможет получить общее представление о контрагенте перед началом сотрудничества. Для этого компании и ИП открывают в банках расчётные счета."
158,"Оформление происходит в несколько этапов:
В приложении заходят в раздел «Витрина», нажимают «Заказать карту для родных и близких», затем — «Ребёнку» и «Детская карта». Оформление происходит в несколько этапов:
В приложении заходят в раздел «Витрина», нажимают «Заказать карту для родных и близких», затем — «Ребёнку» и «Детская карта». При заказе детской для получения необходимы данные из свидетельства о рождении ребёнка и паспорта владельца основного платёжного средства."
159,"Введите новый пароль для входа в систему и нажмите Продолжить. Пароль должен включать:
Буквы латинского алфавита
Строчные и заглавные буквы
Минимум одну цифру
От 6 до 20 символов
Если всё выполнили верно, приложение поздравит вас со сменой пароля и предложит перейти на главную страницу входа в приложение, где нужно указать логин и пароль для входа. Пароль должен включать:
Буквы латинского алфавита
Строчные и заглавные буквы
Минимум одну цифру
От 6 до 20 символов
Если всё выполнили верно, приложение поздравит вас со сменой пароля и предложит перейти на главную страницу входа в приложение, где нужно указать логин и пароль для входа."
160,"Узнать подробнее о состоянии долга можно в любой момент в мобильном приложении или интернет-банке. Рекомендуется по возможности вносить большую сумму, чем выставляет к оплате банк. В нем нужно внести следующие данные:
сумма текущего долга (от 50 тысяч до 7,5 миллионов рублей);
сумма ежемесячного платежа (от тысячи до 300 000 рублей);
на какой срок вы хотите взять новый кредит (от 1 до 7 лет)."
161,"Можно подключить смс и пуш-уведомления о расходах ребёнка. В первый месяц эта услуга предоставляется бесплатно. Бонусная программа
Детскую карту Мир оформляют бесплатно, с ней юный клиент может ещё и экономить."
162,"Вот как можно определить, в рамках какой линейки была выпущена карта:
Спросить у наших сотрудников в чате поддержки, по телефону или в отделении банка
Посмотреть в приложении Альфа‑Банка. Рекомендуем ознакомиться с другими дебетовыми картами. Как узнать, какой у меня сейчас тариф?"
163,"Он не является номером Карты. Он не является номером Карты. Ещё нужен номер карты
Номер карты
Номер карты
Продолжить"
164,"История операций
Теперь в истории платежей отображаются название и адрес магазина, а также бонусы за покупки. Нажав на кнопку «Истории операций», расположенную слева от иконки «шестерёнка» вызывается окно, в котором можно посмотреть информацию по операциям за последний год. Там находят рубрику «История операций», в которой сохраняется информация о том, когда, куда и как отправились деньги, какой была сумма."
165,"11. 

Оспаривание неправомерных операций 

11.1. 11. 

Оспаривание неправомерных операций 

11.1. 11. 

Оспаривание неправомерных операций 

11.1."
166,
167,"Кэшбэк — это возможность вернуть часть потраченных денег за покупки по карте
До 100% суперкэшбэка
Каждый месяц крутите барабан суперкэшбэка в приложении и выигрывайте до 100% в случайной категории. Кэшбэк может возвращаться на счёт реальными деньгами или в виде внутренней валюты, которую можно обменять на скидки или использовать при оплате товара."
168,"Если вы являетесь основным заёмщиком и владельцем электронного сертификата, то присутствие созаёмщика не требуется. Чтобы ознакомиться с индивидуальными условиями и подписать договор, не обязательно посещать офис. Если вы уже клиент Альфа‑Банка, получить заём можно в два клика."
169,"Оформите заявку онлайн прямо сейчас и получите ответ банка уже через две минуты! Получение денег в любом офисе банка, погашение любым способом: в банкоматах банка и партнеров, в мобильном или интернет-банке. Сотрудник банка свяжется с вами, чтобы обсудить все детали будущего займа."
170," за последующие календарные месяцы (с первого по последний календарный день 

месяца включительно, либо по дату закрытия счета включительно). 3.2.Открытие Счета «Мой Сейф НТ» осуществляется до 27.04.2016 г. включительно. Открытие Счета 
«Улётный» осуществляется до 07.09.2017 г. включительно."
171,"Если у вас подключён Альфа‑Чек, вам будет приходить смс-напоминание. Как пополнить кредитную карту?"
172,"Номер счёта не меняется при обновлении дебетовой карты. 14.3.3.В соответствии с Положением Банка России от 24.12.2004 г. №266-П «Об эмиссии банковских карт и 
об операциях, совершаемых с использованием платежных карт» в одностороннем порядке изменить номер 
Счета Клиента, открытого для учета операций с использованием Карт. 14.3.3.В соответствии с Положением Банка России от 24.12.2004 г. №266-П «Об эмиссии банковских карт и 
об операциях, совершаемых с использованием платежных карт» в одностороннем порядке изменить номер 
Счета Клиента, открытого для учета операций с использованием Карт."
173,"Можно обратиться к персональному менеджеру в Telegram, WhatsApp и в мобильном приложении банка. 3 шага и приложение ваше
Заполните заявку
Занимает примерно две минуты
Получите смс
С подтверждением времени и места встречи
Встретьтесь с сотрудником
А еще можем привезти бесплатную Альфа‑Карту или Альфа‑Стикер с суперкэшбэком
Если возникли вопросы, обратитесь в ближайшее отделение или позвоните на телефон горячей линии +7 495 788 88 78

val_contr_tspk@alfa-bank.ru — для Клиентов регионов России. Чтобы валютный контролер смог связаться с вами, в письме укажите:
наименование вашей организации,
контактное лицо, телефон для связи и/или e-mail,
отделение, в котором обслуживается ваша организация,
ФИО валютного контролера (если вы знаете), с которым хотите связаться."
174,"Вы можете оформить карту уже сейчас, если у вас её нет. Поэтому перед поездкой стоит убедиться, что карточка для оплаты проезда доступна к использованию."
175,"Повышенные бонусы за билеты и отель действуют, если покупать их на сайте travel.alfabank.ru. Эта премиальная карта особенно выгодна для путешественников. С ней путешествовать становится выгоднее, потому что возвращается до 7% за авиабилеты, до 5% за проезд на поезде и до 10% при бронировании отелей — всё через сайт Alfa Travel, а также до 4% за всё прочее — просто благодаря покупкам по карте
Кэшбэк до двух миль за каждые 60 ₽ на все покупки, если пользоваться Картой Alfa Only Aeroflot."
176,"Если её нет, нужно обратиться в МФЦ или СФР. В случае недостатка денежных средств на счете Клиента услуга не 
предоставляется. В случае недостатка денежных средств на счете Клиента услуга не 
предоставляется."
177,Что нужно для оформления кредита? Что нужно для оформления кредита?
178,Он не является номером Карты. Он не является номером Карты.
179,"Присоединяясь к правилам программы лояльности «Деньги сверху», вы подтверждаете, что полученные в рамках акции выплаты являются доходом от предпринимательской деятельности."
180,"Где мои деньги, которые пришли на карту? Я сразу положила обратно 10тр, и приложение написало что долг -800р. Откуда вдруг стал увеличиваться долг?"
181,
182,"Чтобы узнать, в каком банке обслуживается компания, этого номера недостаточно. Потребуется уточнить БИК и по нему найти название банка
0 001 782 — внутренний номер владельца расчётного счёта в банке Хотя сам по себе номер счёта и не даёт детальной информации о бизнесе, его расшифровка поможет получить общее представление о контрагенте перед началом сотрудничества. Как узнать, какой у меня сейчас тариф?"
183,"Что можно сделать, если своей карточки нет?"
184,Сумму к оплате можно посмотреть в личном кабинете.
185,"Заполните заявку, и Альфа-Карта ваша

Заполните заявку, и Альфа-Карта ваша

Заполните заявку, и Альфа-Карта ваша"
186,"Узнать номер счёта можно так:
посмотреть в договоре банковского обслуживания;
посмотреть в личном кабинете;
уточнить в техподдержке банка;
обратиться в банковское отделение. Разберём подробнее, как узнать лицевой счёт этими способами. Лицевой счёт — это уникальный 20-значный номер, который присваивается клиенту при подключении банковской услуги: карты, вклада, кредита."
187,"После получения карты останется скачать приложение банка и оформить самозанятость по инструкции. Когда клиент получает карту, оформление продолжают онлайн в мобильном приложении. Карта добавлена и ей можно оплачивать покупки в магазинах, на сайтах и в мобильных приложениях."
188,"Не пришёл код для регистрации/входа? Мы направляем пуш-уведомления с кодом на телефон, на котором установлено приложение Альфа‑Инвестиции — это не смс. Он приходил при выпуске кода самоинкассации или при последней операции внесения денежных средств
Внесите выручку
Если забыли проверочный код — на экране ввода нажмите Отправить смс с кодом и введите код из смс."
189,Недостаточно информации
190,"Не отображаются счета в окне подачи торгового поручения Необходимо зайти в меню: Система→ Настройки→ Основные→ Торговля→ Настройка счетов и добавить все торговые счета в список выбранных. Не отображаются счета в окне подачи торгового поручения Необходимо зайти в меню: Система→ Настройки→ Основные→ Торговля→ Настройка счетов и добавить все торговые счета в список выбранных. Часто просрочки возникают по причине того, что клиент забыл сделать платёж или внёс деньги в последний момент, и они не успели поступить на счёт."
191,"Клиент ознакомлен и согласен с 
тем, что он не может указывать в качестве привязываемых банковских карт банковские карты, выпущенные 
другим лицам или к банковским счетам третьих лиц. В случае обнаружения Банком факта использования 
банковской карты, выпущенной другому лицу или к банковскому счету третьего лица, Банк вправе отменить 
действие привязки. Клиент ознакомлен и согласен с тем, что он не может указывать в 
качестве привязываемых банковских карт банковские карты, выпущенные другим лицам 
или к банковским счетам третьих лиц."
192,Что нужно для оформления кредита? Что нужно для оформления кредита? Что нужно для оформления кредита?
193,
194,
195,"Редкая, но возможная ситуация — списание денег со счёта, но непоступление их адресату. В этом случае нужно обратиться к специалистам кредитного учреждения и предъявить сообщение о списании средств. Дальнейшие действия зависят от конкретной ситуации
В первую очередь вам нужно заполнить заявление на возврат средств."
196,"При желании к банковской карточке оформляют платёжный стикер для детей, который прикрепляется к телефону. В остальном набор функций у стикера тот же, что у детской карты. 3.1.2.3.если Дополнительная карта выпускается или перевыпускается на имя малолетнего лица в возрасте от 
6-ти до 14-ти лет, назначить ПИН Карте может только Клиент, к Счету которого выпущена данная 
Дополнительная карта, одним из способов, указанных в п.3.1.2.2. настоящих Общих условий, а также 
Держатель данной Дополнительной карты - путем ввода ПИН в Мобильном приложении «Альфа-Мобайл» 
или в Интернет Банке «Альфа-Клик»."
197,"Покупателю не нужно никуда ходить, для оплаты достаточно иметь компьютер, смартфон или планшет с доступом в интернет
Расчётный счёт — это банковский счёт, открытый для бизнеса: ИП или юрлица. Все платежи, поступающие от клиентов через эквайринг, зачисляются именно на расчётный счёт, поэтому для подключения этой услуги он необходим. Клиент получает расчётный счёт, а с ним и возможность:
платить контрагентам, поставщикам и партнёрам;
выполнять все операции с использованием кассового оборудования;
просто и безошибочно вести финансовую отчётность;
полностью контролировать средства."
198,
199,Либо в пределах определённого расстояния от города присутствия банка. Либо в пределах определённого расстояния от города присутствия банка. Либо в пределах определённого расстояния от города присутствия банка.
200,"Если вам не пришло СМС в течение двух рабочих дней, пожалуйста, напишите в службу поддержки. Если вам не пришло СМС в течение двух рабочих дней, пожалуйста, напишите в службу поддержки. Он приходил при выпуске кода самоинкассации или при последней операции внесения денежных средств
Внесите выручку
Если забыли проверочный код — на экране ввода нажмите Отправить смс с кодом и введите код из смс."
